newsTitle,timestamp,url_source,content,source,author,urlToImage,processed_at
140 Pack Of Glad ForceFlex Gain Original Scent 13 Gallon Tall Kitchen Trash Bags For $12.49-$13.96 And More Household Essential Black Friday Deals From Amazon!,2025-11-28T00:41:15Z,https://www.dansdeals.com/shopping-deals/amazon/140-pack-of-glad-forceflex-gain-original-scent-13-gallon-tall-kitchen-trash-bags-for-12-49-13-96-and-more-household-essential-black-friday-deals-from-amazon/,Advertiser Disclosure: Many of the links that appear on this site are from companies from which DansDeals.com receives compensation.,Dansdeals.com,JJ,https://i.dansdeals.com/wp-content/uploads/2025/11/27193841/gladforceflextallkitchentrashbags13gallongainoriginal140count.jpg,2025-11-29T02:25:16.500152
"25 Oscar-tipped films, and how to watch them",2025-11-28T00:54:41Z,https://www.bbc.com/news/articles/c79vyvyp7d8o,"Steven McIntoshEntertainment reporter
Jennifer Lawrence and Robert Pattinson star in Lynne Ramsay's psychological drama Die My Love
Hollywood stars are preparing to attend one ceremony after anothe",BBC News,,https://ichef.bbci.co.uk/news/1024/branded_news/9db3/live/cfee3040-b34e-11f0-aa13-0b0479f6f42a.jpg,2025-11-29T02:25:16.492194
5 people explain how they broke into AI training and how much they make in their side hustle,2025-11-28T00:01:14Z,https://www.businessinsider.com/how-to-get-ai-training-freelancer-how-much-money-contractor-2025-11,"Peter Intile, Jessica Hamilton, Fred Nau, Ryan Adams, Elizabeth Boyd; Getty Images; Tyler Le/BI
<ul><li>AI training jobs offer flexible — and sometimes lucrative — side hustles.",Business Insider,"Shubhangi Goel,Charles Rollet",https://i.insider.com/691de49ae1a9cbb014de810a?width=1200&format=jpeg,2025-11-29T02:25:16.462502
A fast Asus 144Hz gaming monitor for $79? Now that’s a Black Friday steal!,2025-11-28T00:31:51Z,https://www.pcworld.com/article/2990958/a-fast-asus-144hz-gaming-monitor-for-79-now-thats-a-black-friday-steal.html,"Skip to contentWhen you purchase through links in our articles, we may earn a small commission. This doesn't affect our editorial independence
.",PCWorld,Dominic Bayley,https://www.pcworld.com/wp-content/uploads/2025/11/TUF-gaming-monitor-2.png?w=1024,2025-11-29T02:25:16.487232
A new Te/Ag planar heterojunction device based on screen printing for boosting photothermoelectric performance and heat-source-free non-contact sensing,2025-11-28T00:00:00Z,https://pubs.rsc.org/en/content/articlelanding/2025/tc/d5tc03591k,"P. Zhu, Z. Wang, Y. Fang, W. Wu, Y. Y. Wu, L. Ruan, J. Zhao and W. Zeng,
 J. Mater. Chem. C, 2025, Accepted Manuscript
, DOI: 10.",Royal Society of Chemistry,"Pengyu Zhu, Zhilei Wang, Yingjun Fang, Wenchao Wu, Yang yang Wu, Limin Ruan, Jinling Zhao, Wei Zeng",,2025-11-29T02:25:16.510902
A review of metal ion complexation/decomplexation reaction-based fluorescent sensors for detecting biological thiols,2025-11-28T00:00:00Z,https://pubs.rsc.org/en/content/articlelanding/2025/ra/d5ra07368e,"* 
 Corresponding authors
a
 Mientrung Institute for Scientific Research, Vietnam National Museum of Nature, Vietnam Academy of Science and Technology, Hue 49000, Vietnam
b
 The University of Da",Royal Society of Chemistry,"Nguyen Khoa Hien, Mai Van Bay, Quan V. Vo, Son Tung Ngo, Doan Thanh Nhan, Pham Cam Nam, Duong Tuan Quang",https://pubs.rsc.org/en/Content/Image/GA/D5RA07368E,2025-11-29T02:25:16.512580
A supported decision-making model for idiopathic pulmonary fibrosis based on feature screening and optimized neural network,2025-11-28T00:00:00Z,https://www.nature.com/articles/s41598-025-10070-6,"<li>Honda, K., Saraya, T. &amp; Ishii, H. A real-world prognosis in idiopathic pulmonary fibrosis: A special reference to the role of antifibrotic agents for the elderly. J. Clin. Med.12(10), 3564.",Nature.com,"Hua Ye, Wenjie Gong, Ping Yuan, Ruiqi Zhang, Beibei He, Wei Lin",,2025-11-29T02:25:16.495541
All You Need To Know Going Into Trade On Friday,2025-11-28T01:09:39Z,https://www.ndtvprofit.com/markets/stock-market-today-all-you-need-to-know-going-into-trade-on-november-28-2025,<li>Network People: The company got approval from BSE for listing of 14.5 lakh shares allotted on a preferential basis.,Ndtvprofit.com,Vansh Pansari,https://media.assettype.com/bloombergquint%2F2024-11-08%2F9ly62dv3%2Fcovid19-stock-market-chart629685-54940.avif?rect=0%2C64%2C900%2C473&w=1200&auto=format%2Ccompress&ogImage=true,2025-11-29T02:25:16.518506
Anti-American Educators Mourn on Thanksgiving,2025-11-28T00:09:34Z,https://freerepublic.com/focus/f-chat/4354910/posts,"Skip to comments.
Anti-American Educators Mourn on ThanksgivingMoonbattery ^
 | Thanksgiving Day 2025
 | Dave Blount
Posted on 11/27/2025 4:09:34 PM PST by Morgana
What Ebenezer Scrooge was to C",Freerepublic.com,Moonbattery,,2025-11-29T02:25:16.521387
"Apple Runs Secret iPad Air Sale on Amazon, Best Apple Tablet Now Going for All-Time Low",2025-11-28T01:35:27Z,https://kotaku.com/apple-quietly-ditches-ipad-air-pride-on-amazon-own-site-still-pretends-nothing-changed-2000648171,Apple maintains its tradition of avoiding Black Friday deals on their own retail website while quietly liquidating inventory through Amazon with more generous discounts than previous years.,Kotaku,Kotaku Deals,https://kotaku.com/app/uploads/2025/08/ipad-air-2025-wifi.jpg,2025-11-29T02:25:16.483665
Approaching the Sabatier Optimum via Triple-defect Synergistic Strategy for Enhanced Oxygen Evolution Reaction,2025-11-28T00:00:00Z,https://pubs.rsc.org/en/content/articlelanding/2025/mh/d5mh01997d,"D. Yang, J. Wu, T. Li, L. Yi, R. Ge, Z. Sun, H. Liu, S. X. Dou, D. Yuan and Y. Dou,
 Mater. Horiz., 2025, Accepted Manuscript
, DOI: 10.",Royal Society of Chemistry,"Danni Yang, Jingjing Wu, Tao Li, Linfeng Yi, Riyue Ge, Ziqi Sun, Huakun Liu, Shi Xue Dou, Ding Yuan, Yuhai Dou",,2025-11-29T02:25:16.522992
AsiaIPEX Creative Hub – The Global Platform for Creative Intellectual Property,2025-11-28T00:27:58Z,https://en.antaranews.com/news/394089/asiaipex-creative-hub-the-global-platform-for-creative-intellectual-property,Hong Kong--(ANTARA/Business Wire)--Asia IP Exchange (AsiaIPEX) is a free online platform and database showcasing intellectualproperties (IPs) around the globe.,Antaranews.com,PR Wire,https://img.antaranews.com/cache/1200x800/no-image.jpg,2025-11-29T02:25:16.528273
Asus’ TUF gaming monitor is 42% off,2025-11-28T00:31:51Z,https://www.pcworld.com/article/2990958/asus-tuf-gaming-monitor-is-42-off.html,"Skip to contentWhen you purchase through links in our articles, we may earn a small commission. This doesn't affect our editorial independence
.",PCWorld,Dominic Bayley,https://www.pcworld.com/wp-content/uploads/2025/11/TUF-gaming-monitor.png?w=1024,2025-11-29T02:25:16.486665
Australia Signals Big Crypto Ambitions With $24B Framework and Tighter Custody Standards,2025-11-28T01:00:03Z,https://bitcoinist.com/australia-signals-crypto-ambitions-24b-framework/,"Australia is accelerating its push into digital finance with the introduction of the Corporations Amendment (Digital Assets Framework) Bill 2025, a comprehensive regulatory overhaul designed to stren",Bitcoinist,James Halver,https://bitcoinist.com/wp-content/uploads/2025/10/token2049-.png,2025-11-29T02:25:16.508282
Author Correction: Diversity-oriented synthesis yields novel multistage antimalarial inhibitors,2025-11-28T00:00:00Z,https://www.nature.com/articles/s41586-025-09938-4,"<li>Broad Institute of Harvard and MIT, Cambridge, Massachusetts, USA
Nobutaka Kato, Eamon Comer, Micah Maetani, Jessica Bastien, Joshua A. Bittker, Emily R. Derbyshire, Timothy A. Lewis, Amanda K.",Nature.com,"Nobutaka Kato, Eamon Comer, Tomoyo Sakata-Kato, Arvind Sharma, Manmohan Sharma, Micah Maetani, Jessica Bastien, Nicolas M. Brancucci, Joshua A. Bittker, Victoria Corey, David Clarke, Emily R. Derbyshire, Gillian L. Dornan, Sandra Duffy, Sean Eckley, Maurice A. Itoe, Karin M. J. Koolen, Timothy A. Lewis, Ping S. Lui, Amanda K. Lukens, Emily Lund, Sandra March, Elamaran Meibalan, Bennett C. Meier, Jacob A. McPhail, Branko Mitasev, Eli L. Moss, Morgane Sayes, Yvonne Van Gessel, Mathias J. Wawer, Takashi Yoshinaga, Anne-Marie Zeeman, Vicky M. Avery, Sangeeta N. Bhatia, John E. Burke, Flaminia Catteruccia, Jon C. Clardy, Paul A. Clemons, Koen J. Dechering, Jeremy R. Duvall, Michael A. Foley, Fabian Gusovsky, Clemens H. M. Kocken, Matthias Marti, Marshall L. Morningstar, Benito Munoz, Daniel E. Neafsey, Amit Sharma, Elizabeth A. Winzeler, Dyann F. Wirth, Christina A. Scherer, Stuart L. Schreiber",https://media.springernature.com/m685/springer-static/image/art%3A10.1038%2Fs41586-025-09938-4/MediaObjects/41586_2025_9938_Fig1_HTML.png,2025-11-29T02:25:16.491201
"Banditry: Sokoto, Ekiti, Katsina slam fake news",2025-11-28T01:58:28Z,https://punchng.com/banditry-sokoto-ekiti-katsina-slam-fake-news/,"The Chairman of Rabah Local Government Area in Sokoto State, Alhaji Yusuf Rabah, on Thursday, dismissed a claim that several people were killed during a bandits attack on Tofa Village early Wednesday",The Punch,Punch Newspapers,https://cdn.punchng.com/wp-content/uploads/2022/03/10152541/Gunmen-bandit.jpeg,2025-11-29T02:25:16.507239
Black Friday golf deals are in full swing: Score clubs and more up to 65% off,2025-11-28T01:00:00Z,https://nypost.com/2025/11/27/shopping/best-black-friday-golf-deals-sales-2025/,New York Post may be compensated and/or receive an affiliate commission if you click or buy through our links. Featured pricing is subject to change.,New York Post,Emma Sutton-Williams,https://nypost.com/wp-content/uploads/sites/2/2025/11/BF2025_GolfDeals_v01_DP-1.jpg?quality=75&strip=all&w=1200,2025-11-29T02:25:16.509900
"Black Friday's Best Tech Deals: Score Some Serious Savings on Top-Rated Electronics from Apple, Bose, HP, Samsung, and More",2025-11-28T01:55:04Z,https://uk.pcmag.com/black-friday/161621/black-fridays-best-tech-deals-score-some-serious-savings-on-top-rated-electronics-from-apple-bose-hp,"The holiday shopping season has officially begun, and we're starting to see electronics prices drop to yearly lows.",PCMag.com,PCMag UK,https://sm.pcmag.com/t/pcmag_uk/news/b/black-frid/black-fridays-best-tech-deals-score-some-serious-savings-on_pjen.1200.jpg,2025-11-29T02:25:16.526297
CNBC Daily Open: A rough and historically atypical November for U.S. stocks,2025-11-28T01:17:32Z,https://www.cnbc.com/2025/11/28/cnbc-daily-open-a-rough-and-historically-atypical-november-for-us-stocks.html,"Traders work on the floor at the New York Stock Exchange (NYSE) in New York City, U.S., Nov. 26, 2025. 
The U.S.",CNBC,,https://image.cnbcfm.com/api/v1/image/108232570-17641742322025-11-26t161920z_911621342_rc2e4iaf38hv_rtrmadp_0_usa-stocks.jpeg?v=1764174389&w=1920&h=1080,2025-11-29T02:25:16.520377
China’s 15th Five-Year Plan Recommendations: Unpacking Strategic Depth and Industrial Opportunities,2025-11-28T00:57:00Z,https://www.globenewswire.com/news-release/2025/11/28/3195969/0/en/China-s-15th-Five-Year-Plan-Recommendations-Unpacking-Strategic-Depth-and-Industrial-Opportunities.html,"Shanghai, China, Nov. 27, 2025 (GLOBE NEWSWIRE) -- On October 28, 2025, Xinhua News Agency officially released the Communist Party of China (CPC) Central Committees Recommendations on Formulating the",GlobeNewswire,Global Times,,2025-11-29T02:25:16.516994
"Chinese EV makers tipped to storm global top 10 carmakers by 2030, McKinsey says",2025-11-28T00:37:13Z,https://biztoc.com/x/44baa44a208cc179,"Up to five Chinese vehicle assemblers, leveraging their technology and production advantages in building electric cars, are likely to make the list of the worlds top 10 carmakers by 2030, disrupting ",Biztoc.com,scmp.com,https://biztoc.com/cdn/44baa44a208cc179_s.webp,2025-11-29T02:25:16.514255
"Correction: Bis-Fischer indole[3,2-b]carbazole modification of [10]cycloparaphenylenes: tuning optical properties through rigid substitution",2025-11-28T00:00:00Z,https://pubs.rsc.org/en/content/articlelanding/2025/qo/d5qo90090e,"* 
 Corresponding authors
a
 State Key Laboratory of Precision and Intelligent Chemistry, Department of Materials Science and Engineering, University of Science and Technology of China, Hefei, Chi",Royal Society of Chemistry,"Wanchun Duan, Dongming Chen, Dang Zheng, Shidong He, Wanqun Hu, Lvyuan Hao, Xin Xu",,2025-11-29T02:25:16.524405
Correction: The coexistence of Dirac cones and Fermi arcs in a graphene/WTe2 heterostructure,2025-11-28T00:00:00Z,https://pubs.rsc.org/en/content/articlelanding/2025/nr/d5nr90229k,"* 
 Corresponding authors
a
 Department of Solid State Physics, Faculty of Physics and Applied Informatics, University of Lodz, Pomorska 149/153, 90-236 ód, Poland
E-mail:wojciech.rys@edu.uni.",Royal Society of Chemistry,"Wojciech Ryś, Iaroslav Lutsyk, Maxime Le Ster, Przemysław Przybysz, Jagoda Sławińska, Paweł Dąbrowski, Maciej Rogala, Karol Szałowski, Tomasz Sobol, Ewa Partyka-Jankowska, Magdalena Szczepanik, Iwona Pasternak, Aleksandra Krajewska, Mindaugas Lukosius, Guan Biang, Paweł J. Kowalczyk",,2025-11-29T02:25:16.499197
"Correction: Unraveling the role of the Mn–[Ox]–Ce structure in MnOx/CeO2 catalysts for the catalytic oxidation of VOCs: resistance to sintering, increasing oxygen vacancies and activation of lattice oxygen",2025-11-28T00:00:00Z,https://pubs.rsc.org/en/content/articlelanding/2025/ta/d5ta90276b,"* 
 Corresponding authors
a
 Ocean College, Zhejiang University, Zhoushan 316021, PR China
E-mail:jiaolei@zju.edu.",Royal Society of Chemistry,"Yuchuan Ye, Zhouhao Zhu, Yunfei Qu, Kaiyuan Wang, Wanjin Yu, Huisheng Fan, Yingtang Zhou, Liuye Mo, Lei Jiao",,2025-11-29T02:25:16.504068
DAVID GANDY DUVET ROBE,2025-11-28T00:00:00Z,https://www.blessthisstuff.com/stuff/living/bed-bath/david-gandy-duvet-robe/,"The David Gandy Duvet Robe brings the comfort of your bed into everyday life, wrapping you in warmth without sacrificing style.",Blessthisstuff.com,DAVID GANDY DUVET ROBE,https://www.blessthisstuff.com/imagens/stuff/david-gandy-duvet-robe.jpg,2025-11-29T02:25:16.490162
Dairy 'disrupter' who invented spreadable butter in 70s wins science award,2025-11-28T02:07:21Z,https://www.abc.net.au/news/2025-11-28/farmer-who-invented-spreadable-butter-in-70s-wins-science-award/106058726,"Dairy farmer Geoff Boxsell says he was horrified when margarine, a spreadable substitute for butter, began to dominate supermarket shelves and family homes.",ABC News (AU),Romy Gilbert and Melinda James,https://live-production.wcms.abc-cdn.net.au/420b27df9ae973b95fe76b5f566e89f6?impolicy=wcms_watermark_news&cropH=1279&cropW=2273&xPos=0&yPos=376&width=862&height=485&imformat=generic,2025-11-29T02:25:16.490686
Density functional theory insights into the formation mechanisms and reaction rates of Strecker aldehydes,2025-11-28T00:00:00Z,https://pubs.rsc.org/en/content/articlelanding/2025/ra/d5ra07604h,"* 
 Corresponding authors
a
 Graduate School of Science and Technology, University of Tsukuba, 1-1-1 Tennodai, Tsukuba, Ibaraki 305-8571, Japan
b
 Institute of Livestock and Grassland Science, N",Royal Society of Chemistry,"Shota Ishida, Koichi Miyagawa, Mitsuo Shoji",https://pubs.rsc.org/en/Content/Image/GA/D5RA07604H,2025-11-29T02:25:16.513445
"Don't miss T-Mobile's Black Friday deals: Free iPhone and Samsung bundles with iPads, watches, and more",2025-11-28T00:33:10Z,https://www.businessinsider.com/guides/deals/t-mobile-black-friday-deal-2025-b,"Why we love T-Mobile's Black Friday deal
If you're lucky enough to be up for renewal on your phone plan, Black Friday is the perfect time to do it.",Business Insider,ssaril@insider.com (Sarah Saril),https://i.insider.com/69279539abd5e944effb9feb?width=1200&format=jpeg,2025-11-29T02:25:16.519452
Editor-approved LEVOIT air purifiers are hundreds off for Black Friday,2025-11-28T00:51:00Z,http://www.popsci.com/gear/levoit-air-purifiers-lowest-prices-of-the-year-black-friday-2025-amazon-deals/,"We may earn revenue from the products available on this page and participate in affiliate programs. Learn more 
If your sinuses are staging a revolt or your living room smells suspiciously like last",Popular Science,Tony Ware,https://www.popsci.com/wp-content/uploads/2025/11/LEVOIT-air-purifiers-2025-black-friday-header.jpg?w=1200,2025-11-29T02:25:16.525359
"Exclusive-Huawei, ZTE seal 5G deals in Vietnam after US tariffs, as ties with China warm​",2025-11-28T00:36:22Z,https://finance.yahoo.com/news/exclusive-huawei-zte-seal-5g-003622988.html,"By Francesco Guarascio
HANOI (Reuters) -China's leading telecommunication firms Huawei and ZTE have won a string of contracts this year to supply 5G equipment in Vietnam, in another sign of Hanoi's ",Yahoo Entertainment,By Francesco Guarascio,https://media.zenfs.com/en/reuters.com/60f7e517dbfe4db5f9adf79942388efc,2025-11-29T02:25:16.484668
Faraday Future Hosts FX Super One Delivery Ceremony for Soccer Legend Andrés Iniesta in Dubai; Middle East Operations Enter Product Delivery and Revenue Phase,2025-11-28T02:06:00Z,https://www.globenewswire.com/news-release/2025/11/28/3195972/0/en/Faraday-Future-Hosts-FX-Super-One-Delivery-Ceremony-for-Soccer-Legend-Andr%C3%A9s-Iniesta-in-Dubai-Middle-East-Operations-Enter-Product-Delivery-and-Revenue-Phase.html,"<ul><li>Marks the solid execution of FF and FXs Global Automotive Bridge Strategy in the Middle East, signaling a new phase in the Companys Middle East Three-Pole strategy and lays a core foundation ",GlobeNewswire,Faraday&Future Inc.,https://ml.globenewswire.com/Resource/Download/4ba28ea7-306e-4ce1-8f71-e9977969ad60,2025-11-29T02:25:16.515912
"From Adani Enterprises, LG Electronics India, Ashoka Buildcon, RVNL, TVS Motor, TMB, to Lodha Developers: Here are a dozen stocks to watch",2025-11-28T02:14:22Z,https://www.thehindubusinessline.com/markets/from-adani-enterprises-lg-electronics-india-ashoka-buildcon-rvnl-tvs-motor-tmb-to-lodha-developers-here-are-a-dozen-stocks-to-watch/article70333211.ece,"Rail Vikas Nigam Ltd has received a Letter Of Approval for 9.64 crore excluding GST from East Coast Railway for Supply, Installation, Testing and Commissioning of an IP-based Video Surveillance Syste",BusinessLine,KS Badri Narayanan,https://bl-i.thgim.com/public/incoming/grbonu/article70302358.ece/alternates/LANDSCAPE_1200/PO16_Rising_chart.jpg,2025-11-29T02:25:16.525815
FrostBound-TENOKE,2025-11-28T01:12:05Z,https://post.rlsbb.to/frostbound-tenoke/,"Release Description:
FrostBound is a roguelike deck-building game set in an endless winter. Lead the construction of your base, plan resources, and fend off relentless enemy waves.",Rlsbb.to,OMEGA,,2025-11-29T02:25:16.524863
Google CEO says vibe coding has made software development 'so much more enjoyable' and 'exciting again',2025-11-28T01:16:42Z,https://www.businessinsider.com/google-sundar-pichai-vibe-coding-software-development-exciting-again-2025-11,The internet helped unknown writers turn blogging into a career. YouTube did the same for content creation.,Business Insider,jpugachevsky@businessinsider.com (Julia Pugachevsky),https://i.insider.com/6928e45089026fbb4d0e9341?width=1200&format=jpeg,2025-11-29T02:25:16.496250
How AI chatbots are ending marriages,2025-11-28T02:00:34Z,https://theweek.com/culture-life/how-ai-chatbots-are-ending-marriages,Lawyers in the US have seen a rise in divorce filings where one partner’s attachment to an AI chatbot played a significant role in the marital breakdown.,The Week Magazine,"theweekonlineeditorsuk@futurenet.com (Chas Newkey-Burden, The Week UK) , Chas Newkey-Burden, The Week UK",https://cdn.mos.cms.futurecdn.net/yh5uTKNbmYwxUgxpoKjRcE-2000-80.jpg,2025-11-29T02:25:16.492665
"How The US-Israel Alliance Has Evolved, For Better And Worse, A Year Into Trump",2025-11-28T00:59:41Z,https://dailycaller.com/2025/11/27/how-the-us-israel-alliance-has-evolved-for-better-and-worse-a-year-into-trump/,"One year into President Donald Trump’s second term, the relationship between the United States and Israel has been tested on several fronts, including a brief but significant confrontation with Iran ",The Daily Caller,Wallace White,"https://images.dailycaller.com/image/width=1280,height=549,fit=cover,format=webp,f=auto/https://cdn01.dailycaller.com/wp-content/uploads/2025/11/GettyImages-2240432290-scaled-e1764187819579.jpg",2025-11-29T02:25:16.493613
"INNOCN | 13.3"" OLED Full HD 1080P Portable Monitor | 13K1F $89.99 with Email coupon Code (5 replies)",2025-11-28T00:15:22Z,https://slickdeals.net/f/18888634-innocn-13-3-oled-full-hd-1080p-portable-monitor-13k1f-89-99-with-email-coupon-code,"Marked at $99.99, $89.99 With Coupon Code WELCOME25Studio-Grade OLED Visuals: The 13.3"" Full HD OLED panel delivers 100% DCI-P3 coverage with 100,000:1 contrast and E&lt;2 factory calibration.",Slickdeals.net,efffex,https://slickdeals.net/attachment/8/3/8/4/6/0/3/450x450/18893041.thumb,2025-11-29T02:25:16.519901
Intel Denies TSMC’s Trade Secret Theft Claim,2025-11-28T01:24:19Z,https://nep123.com/intel-denies-tsmcs-trade-secret-theft-claim/,"Intel Responds to TSMC Trade Secret Allegations: A Deep Dive into the Semiconductor Industry
The semiconductor world is buzzing with news of a dispute between industry giants.",Nep123.com,Editor,https://nep123.com/wp-content/uploads/2025/09/basantapur_featured.jpg,2025-11-29T02:25:16.528759
Introduction to Cloud Computing: A Guide to Understanding the Cloud,2025-11-28T00:00:00Z,https://www.c-sharpcorner.com/ebooks/introduction-to-cloud-computing-a-guide-to-understanding-the-cloud,"Introduction to Cloud Computing
Cloud computing is the engine behind today’s digital revolution. From streaming your favorite shows to processing payments, powering AI tools, and running global busi",C-sharpcorner.com,Aishwarya Gupta,https://www.c-sharpcorner.com/images/csharp-corner-new.png,2025-11-29T02:25:16.527330
Live content soon on Rs 2k phones with no data pack as D2M tech paves way,2025-11-28T00:00:00Z,https://economictimes.indiatimes.com/industry/telecom/telecom-policy/live-content-soon-on-rs-2k-phones-with-no-data-pack-as-d2m-tech-paves-way/articleshow/125622470.cms,"New Delhi: Be it live sports or Bollywood movies or even web series on OTT platforms, mobile phone users in India, including the more than 200 million feature phone owners, may finally get to view th",The Times of India,Kiran Rathee,"https://img.etimg.com/thumb/msid-125622514,width-1200,height-630,imgsize-20740,overlay-economictimes/articleshow.jpg",2025-11-29T02:25:16.520873
Manufacturing innovation — the Fibonacci Way,2025-11-28T00:30:00Z,https://www.thehindubusinessline.com/opinion/manufacturing-innovation-the-fibonacci-way/article70331821.ece,"A manufacturing renaissance is within Indias grasp. Global supply chains are recalibrating, technology cycles are compressing and the demand for resilient, sustainable production has never been great",BusinessLine,Vipin  Sondhi & Anurag  Srivastava,https://bl-i.thgim.com/public/incoming/2pc4bh/article70331850.ece/alternates/LANDSCAPE_1200/BL26_Think_machine_cutting.jpg,2025-11-29T02:25:16.509176
Meesho IPO To Open On Dec 3; Sets Price Band - Check Details,2025-11-28T01:25:49Z,https://www.ndtvprofit.com/ipos/meesho-ipo-to-open-on-dec-3-sets-price-band-check-details,Meesho India on Friday announced the price band for its upcoming initial public offering. The IPO will open for subscription on Dec. 3 and close on Dec. 5.,Ndtvprofit.com,Pratiksha Thayil,https://media.assettype.com/bloombergquint%2F2024-11-26%2F4ogsk1f1%2Fmeesho.jpg?w=1200&auto=format%2Ccompress&ogImage=true,2025-11-29T02:25:16.518016
Modified porous ceramic catalysts derived from titanium-bearing blast furnace slag for efficient toluene oxidation,2025-11-28T00:00:00Z,https://www.nature.com/articles/s41598-025-30080-8,"<li>Yang, M. &amp; Yang, J. Vanadium extraction from steel slag: Generation, recycling and management. Environ. Pollut.343, 123126 (2024).
Google Scholar 
</li><li>Han, J. et al.",Nature.com,"He Tao, Fanshu Kong, Jiahua Li, Shuaibo Huang, Zehua Wang, Shucheng Tian, Xueqing Li, Haiping Liu",,2025-11-29T02:25:16.495083
More than 20 representatives of Chinese enterprises visit Saudi Arabia to explore new opportunities in the international market,2025-11-28T02:08:00Z,https://www.globenewswire.com/news-release/2025/11/28/3195973/0/en/More-than-20-representatives-of-Chinese-enterprises-visit-Saudi-Arabia-to-explore-new-opportunities-in-the-international-market.html,"RIYADH, Saudi Arabia, Nov. 27, 2025 (GLOBE NEWSWIRE) -- Recently, a delegation of Chinese private enterprises, organized by the Chinese enterprise service platform TOJOY Enterprise Service, held busi",GlobeNewswire,TOJOY,,2025-11-29T02:25:16.515181
NATO Allies Demonstrate Counter-UAS Capability During Live-Fire Demonstration in Poland,2025-11-28T01:00:00Z,https://soldiersystems.net/2025/11/28/nato-allies-demonstrate-counter-uas-capability-during-live-fire-demonstration-in-poland/,"NOWA DUBA, Poland U.S., Polish and Romanian Soldiers demonstrated a new counter-unmanned aircraft system capability on Nov.",Soldiersystems.net,Eric G,https://soldiersystems.net/wp-content/uploads/2025/11/image-17.jpg,2025-11-29T02:25:16.501102
New Genre Studio,2025-11-28T00:00:00Z,https://www.awwwards.com/sites/new-genre-studio,"This website uses a colorpalette of 2 colors
<ul><li></li><li></li></ul>",Awwwards.com,,https://assets.awwwards.com/awards/submissions/2025/10/6900d08689edd726047249.jpg,2025-11-29T02:25:16.487831
Nexperia Says Clients Still Reporting Imminent Production Halts,2025-11-28T01:08:33Z,https://www.livemint.com/companies/news/nexperia-says-clients-still-reporting-imminent-production-halts-11764292114342.html,"(Bloomberg) -- Nexperia warned that customers across industries are facing impending production halts, while calling on its Chinese unit to take concrete steps to re-establish dialog.",Livemint,list.metadata.agency,https://www.livemint.com/lm-img/img/2024/12/06/1600x900/logo/company_3_1733465099406_1733465108677.png,2025-11-29T02:25:16.517502
Northland protesters join nationwide action against Gene Technology Bill,2025-11-28T01:00:00Z,https://www.nzherald.co.nz/northern-advocate/news/northland-protesters-join-nationwide-action-against-gene-technology-bill/RFXV2FX35JBRXK3XD64RF6LSLQ/,"Protests are planned nationwide tomorrow with Northlanders gathering in Whangrei outside McKay Stadium from 9am, and in Kerikeri at the State Highway 10 and Kerikeri Rd roundabout or the town centre ",New Zealand Herald,Northern Advocate,https://www.nzherald.co.nz/resizer/v2/DPZ77VN6XBCEPM6QWHAZTR2QDY.jpg?auth=3c1fe2a91c168eefb58a84d8d1f636f0732acceeb13806254054802212c998e9&width=1200&height=675&quality=70&focal=789%2C314&smart=false,2025-11-29T02:25:16.526773
Quadrature squeezing in a nanophotonic microresonator,2025-11-28T00:00:00Z,https://www.nature.com/articles/s41467-025-66703-x,"<li>Tse, M. et al. Quantum-enhanced advanced LIGO detectors in the era of gravitational-wave astronomy. Phys. Rev. Lett.123, 231107 (2019).
Google Scholar 
</li><li>Giovannetti, V., Lloyd, S.",Nature.com,"Alexander E. Ulanov, Bastian Ruhnke, Thibault Wildi, Tobias Herr",,2025-11-29T02:25:16.489584
Quantification and prediction of solidification textures under additive manufacturing conditions,2025-11-28T00:00:00Z,https://www.nature.com/articles/s41467-025-66655-2,"<li>Guo, N. &amp; Leu, M. C. Additive manufacturing: technology, applications and research needs. Front. Mech. Eng.8, 215243 (2013).
Google Scholar 
</li><li>King, W. E. et al.",Nature.com,"Mingwang Zhong, Adriana Eres-Castellanos, Kaihua Ji, Alec I. Saville, Brian Rodgers, Dan R. Coughlin, John W. Gibbs, John D. Roehling, Joseph T. McKeown, Amy J. Clarke, Alain Karma",,2025-11-29T02:25:16.489024
Raksha Mantri & his Indonesian counterpart co-chair 3rd India-Indonesia Defence Ministers' Dialogue in New Delhi; Agree to further deepen defence ties,2025-11-28T01:22:06Z,https://www.globalsecurity.org/wmd/library/news/india/2025/india-251127-india-pib03.htm,"India - Press Information Bureau
Ministry of Defence
India and Indonesia reiterate the importance of a free, open, peaceful &amp; prosperous Indo-Pacific, guided by international law &amp; respect ",Globalsecurity.org,John Pike,,2025-11-29T02:25:16.502026
Recent progress in targeted membrane protein degradation technology based on aptamers for disease treatment,2025-11-28T00:00:00Z,https://pubs.rsc.org/en/content/articlelanding/2025/bm/d5bm01333j,"X. Li, Y. Wang, T. He, J. Tian, F. Qiao and D. Li,
 Biomater. Sci., 2025, Advance Article
, DOI: 10.",Royal Society of Chemistry,"Xiaolong Li, Yanni Wang, Tingting He, Jian Tian, Fangyu Qiao, Daxiu Li",https://pubs.rsc.org/en/Content/Image/GA/D5BM01333J,2025-11-29T02:25:16.523453
Reform or rights rollback? India's sweeping labour law overhaul sparks debate,2025-11-28T00:00:09Z,https://www.bbc.com/news/articles/cpwk28d5yzxo,"Nikhil Inamdar and Arunoday Mukharji
The new labour rules will make it easier for companies to hire and fire workers 
Last week, India announced it would implement what many say are its most far-re",BBC News,,https://ichef.bbci.co.uk/news/1024/branded_news/2769/live/92bb76f0-caa1-11f0-9da7-dd9f2d272d86.jpg,2025-11-29T02:25:16.511701
Reimagining the Key Card as a Travel Companion,2025-11-28T00:55:47Z,https://www.hospitalitynet.org/news/4129978.html,"In hospitality, the guest journey starts long before they reach the room.
It's shaped by the first impression, the check-in moment, and the small surprises that make a stay memorable.",Hospitality Net,GCS TIMES GROUP COMPANY LIMITED,https://www.hospitalitynet.org/picture/social_153191971.jpg?t=1764291114,2025-11-29T02:25:16.497233
"Snapdragon 8 Gen 5: Flagship Performance, Accessible Price",2025-11-28T00:23:22Z,https://nep123.com/snapdragon-8-gen-5-flagship-performance-accessible-price/,"Qualcomm Unveils New Snapdragon 8 Gen 5: A Powerful Chipset for Premium Android Devices
Qualcomm has announced its latest addition to the 8-series chipset family, the Snapdragon 8 Gen 5.",Nep123.com,Editor,https://nep123.com/wp-content/uploads/2025/09/basantapur_featured.jpg,2025-11-29T02:25:16.527791
Stabilizing Electrode-Electrolyte Interphases by Soluble Metal-Organic Polyhedra for High-Performance Lithium-Metal Batteries,2025-11-28T00:00:00Z,https://pubs.rsc.org/en/content/articlelanding/2025/ta/d5ta07061a,Lithium metal batteries (LMBs) are promising next-generation technology for achieving energy densities above 400 Wh kg -1 .,Royal Society of Chemistry,"Yan-Lung Wong, Wei Huang, Cuili Zhang, Lang Wang, Shengbo Lu, Chenmin Liu",,2025-11-29T02:25:16.502952
"Storm Senyar: Temporary structures most at risk, says academic",2025-11-28T01:43:00Z,https://www.thestar.com.my/news/nation/2025/11/28/storm-senyar-temporary-structures-most-at-risk-says-academic,"KUANTAN: The impact of tropical storm Senyar could pose a threat to unstable building structures, especially temporary ones, according to a university dean.",The Star Online,The Star Online,https://apicms.thestar.com.my/uploads/images/2025/11/28/3644249.JPG,2025-11-29T02:25:16.523894
Structural polymorphism in bent-core liquid crystals: from helical nanofilaments to heliconical-layered microcylinders with light-responsive properties,2025-11-28T00:00:00Z,https://pubs.rsc.org/en/content/articlelanding/2025/mh/d5mh01905b,"* 
 Corresponding authors
a
 Department of Chemistry, Korea Advanced Institute of Science and Technology (KAIST), Daejeon 34141, Republic of Korea
E-mail:nandk@kaist.ac.",Royal Society of Chemistry,"Hyewon Park, HyeonJun Kim, Yeongsik Kim, Hyungju Ahn, Joanna M. Wolska, YongJoo Kim, Dong Ki Yoon",https://pubs.rsc.org/en/Content/Image/GA/D5MH01905B,2025-11-29T02:25:16.522523
Supramolecular dyes: advancing precision medicine through molecular engineering,2025-11-28T00:00:00Z,https://pubs.rsc.org/en/content/articlelanding/2025/cs/d5cs00734h,"* 
 Corresponding authors
a
 College of Biomedicine and Health, Huazhong Agricultural University, Wuhan, China
E-mail:sunyaogbasp@mail.hzau.edu.cn, jin@mail.hzau.edu.",Royal Society of Chemistry,"Jun Li, Yuling Xu, Yida Pang, Fang Zhao, Wenjun Zhang, Chonglu Li, Honglin Jin, Chao Yuan, Suhua Wang, Yao Sun",https://pubs.rsc.org/en/Content/Image/GA/D5CS00734H,2025-11-29T02:25:16.491684
Susceptibility assessment of wildfire-induced transmission line tripping using a physical-Bayesian modeling approach,2025-11-28T00:00:00Z,https://www.nature.com/articles/s41598-025-28345-3,"<li>Dupuy, J. L. et al. Climate change impact on future wildfire danger and activity in Southern Europe: a review. Ann. For. Sci.77(2), 35 (2020).
Google Scholar 
</li><li>Liu, N., Lei, J., Gao, W.",Nature.com,"Hui Huang, Keyu Chen, Biao Song, Changmeng Chen, Linlin Li, Jianli Ling",,2025-11-29T02:25:16.494592
Taiwan Excellence Awards reshape 'Made in Taiwan' image with premium branding,2025-11-28T01:42:09Z,https://www.digitimes.com/news/a20251127PD240/taiwan-taitra-moea-worldwide-smart-manufacturing.html,"Save my User ID and Password
Some subscribers prefer to save their log-in information so they do not have to enter their User ID and Password each time they visit the site.",Digitimes,Kevin Wang,https://img.digitimes.com/newsshow/20251127pd240_files/2_r.jpg,2025-11-29T02:25:16.494127
Targeting of HIF2-driven cachexia in kidney cancer,2025-11-28T00:00:00Z,https://www.nature.com/articles/s41591-025-04054-2,"Cell lines
OSRC-2 cells (males) were obtained from the Riken Cell Bank (RCB0735) and RXF393 cells (males) were obtained from the National Cancer Institute (DCTD Tumor Repository).",Nature.com,"Muhannad Abu-Remaileh, Laura A. Stransky, Nikita Bhalerao, Nitin H. Shirole, Qinqin Jiang, Eddy Saad, Marc Machaalani, Sean M. Vigeant, Hilina Woldemichael, Charles Xu, Jing Lu, Hairong Wei, Zhihong Liu, William Sun, Kei Enomoto, Toni K. Choueiri, Jason R. Pitarresi, Steven A. Carr, Namrata D. Udeshi, William G. Kaelin Jr",https://media.springernature.com/m685/springer-static/image/art%3A10.1038%2Fs41591-025-04054-2/MediaObjects/41591_2025_4054_Fig1_HTML.png,2025-11-29T02:25:16.493153
Terahertz integrated sensing and mobile communications empowered by a 220-GHz-band portable device,2025-11-28T00:00:00Z,https://www.nature.com/articles/s41467-025-66921-3,"<li>Nagatsuma, T., Ducournau, G. &amp; Renaud, C. C. Advances in terahertz communications accelerated by photonics. Nat. Photonics10, 371379 (2016).
Google Scholar 
</li><li>Akyildiz, I. F.",Nature.com,"Guangjian Wang, Mingxiang Li, Qiao Liu, Junwei Zang, Oupeng Li, Xianfeng Du, Liangyuan Xu, Meixia Tao, Chong Han",,2025-11-29T02:25:16.488466
Tesla faces major roadblock that could impact the release of its long-awaited new vehicle: 'Absolutely something bad happens',2025-11-28T00:05:00Z,https://finance.yahoo.com/news/tesla-faces-major-roadblock-could-000500921.html,"As Tesla continues to contend with slumping sales and an array of rival upstarts, the brand could certainly benefit from a boost.",Yahoo Entertainment,Kim LaCapria,https://s.yimg.com/ny/api/res/1.2/lr8Hstz61B5m.ICFeZOWnA--/YXBwaWQ9aGlnaGxhbmRlcjt3PTEyMDA7aD04MDA-/https://media.zenfs.com/en/the_cool_down_737/89ea90d0cb75ae2de4165dbc5377fbb2,2025-11-29T02:25:16.485420
"The 10 Best Star Trek Villains of All Time, Ranked",2025-11-28T01:02:00Z,http://comicbook.com/tv-shows/list/the-10-best-star-trek-villains-of-all-time-ranked/,"Star Trek‘s themes of peace, harmony, and curiosity while exploring the universe require the Enterprise and other crews to face off with villains that stand for none of these things.",ComicBook.com,Jack Ori,"https://comicbook.com/wp-content/uploads/sites/4/2025/11/Borg-Queen-with-Picard.jpg?resize=2000,1125",2025-11-29T02:25:16.505129
The Global Food Packaging Market Is Transforming — Here’s What’s Driving Its $548.51 Billion Future,2025-11-28T00:30:00Z,https://www.globenewswire.com/news-release/2025/11/28/3195967/0/en/The-Global-Food-Packaging-Market-Is-Transforming-Here-s-What-s-Driving-Its-548-51-Billion-Future.html,"Delray Beach, FL, Nov. 27, 2025 (GLOBE NEWSWIRE) -- According to a research report published by MarketsandMarkets, the global food packaging market is entering a new era. Valued at USD 421.",GlobeNewswire,MarketsandMarkets Research Pvt. Ltd.,https://ml.globenewswire.com/Resource/Download/afcc5182-4ae0-43a8-a965-4351d590b7ed,2025-11-29T02:25:16.516486
This viral Roborock with a robot arm is 50% off on Amazon - so it's finally buy time for me,2025-11-28T02:12:00Z,https://www.zdnet.com/home-and-office/kitchen-household/this-viral-roborock-with-a-robot-arm-is-50-off-on-amazon-so-its-finally-buy-time-for-me/,"Follow ZDNET: Add us as a preferred source on Google.
I've spent the past few years of my life turning my home into the closest version of the Jetsons' house that I can get, bypassing the midcentury",ZDNet,Maria Diaz,https://www.zdnet.com/a/img/resize/909ad15b66e3bbcf9c6f1146e3324c1b95ca53ac/2025/05/19/87e8e68f-6e39-415f-8e87-b2ef6f75fc1f/2.jpg?auto=webp&fit=crop&height=675&width=1200,2025-11-29T02:25:16.518985
Tracking In Situ Transformation of Metal-Organic Frameworks into Layered Double Hydroxides During Synthesis and Alkaline Water Oxidation through Operando Mechanistic Studies,2025-11-28T00:00:00Z,https://pubs.rsc.org/en/content/articlelanding/2025/dt/d5dt01557j,"M. Chettri, N. Diyali and B. Biswas,
 Dalton Trans., 2025, Accepted Manuscript
, DOI: 10.1039/D5DT01557J
To request permission to reproduce material from this article, please go to the 
 Copyrigh",Royal Society of Chemistry,"Meena Chettri, Nilankar Diyali, Bhaskar Biswas",,2025-11-29T02:25:16.506178
What China will dominate next: The country’s high-speed innovation holds lessons for the world,2025-11-28T00:05:18Z,https://freerepublic.com/focus/f-news/4354909/posts,"Skip to comments.
What China will dominate next: The countrys high-speed innovation holds lessons for the worldThe Economist ^
 | 11/27/2025
Posted on 11/27/2025 4:05:18 PM PST by SeekAndFind
Tho",Freerepublic.com,The Economist,,2025-11-29T02:25:16.522038
Will boats be a breakthrough for 3D printing tech?,2025-11-28T00:10:39Z,https://www.bbc.com/news/articles/c751xw96e9yo,"Matthew KenyonTechnology Reporter, Delft, Netherlands
The final test was a blunt one. Maarten Logtenberg wielded a sledgehammer, which simply bounced off the sample, barely leaving a scratch.",BBC News,,https://ichef.bbci.co.uk/news/1024/branded_news/7cc9/live/492a8a10-caa3-11f0-8c06-f5d460985095.jpg,2025-11-29T02:25:16.486103
‘Unusual timing’: Beloved grey whale is back feeding in B.C. instead of Mexico this winter,2025-11-28T01:06:12Z,https://www.cbc.ca/news/canada/british-columbia/little-patch-grey-whale-feeding-in-b-c-waters-9.6995452,"A well-known grey whale is back feeding in British Columbia for the second time this year, with whale watchers saying its winter apperance marks a change in its normal migration pattern. 
On Nov.",CBC News,,"https://i.cbc.ca/ais/49c804e9-a526-4942-b9ae-3a5a7ed63db7,1764289996180/full/max/0/default.jpg?im=Crop%2Crect%3D%280%2C0%2C4566%2C2568%29%3BResize%3D620",2025-11-29T02:25:16.498231
