NEWS_SOURCE,ARTICLE_COUNT,LATEST_ARTICLE_DATE,EARLIEST_ARTICLE_DATE
Royal Society of Chemistry,12,2025-11-28T00:00:00Z,2025-11-28T00:00:00Z
Nature.com,8,2025-11-28T00:00:00Z,2025-11-28T00:00:00Z
GlobeNewswire,4,2025-11-28T02:08:00Z,2025-11-28T00:30:00Z
BBC News,3,2025-11-28T00:54:41Z,2025-11-28T00:00:09Z
Business Insider,3,2025-11-28T01:16:42Z,2025-11-28T00:01:14Z
Ndtvprofit.com,2,2025-11-28T01:25:49Z,2025-11-28T01:09:39Z
BusinessLine,2,2025-11-28T02:14:22Z,2025-11-28T00:30:00Z
PCWorld,2,2025-11-28T00:31:51Z,2025-11-28T00:31:51Z
Nep123.com,2,2025-11-28T01:24:19Z,2025-11-28T00:23:22Z
Freerepublic.com,2,2025-11-28T00:09:34Z,2025-11-28T00:05:18Z
Yahoo Entertainment,2,2025-11-28T00:36:22Z,2025-11-28T00:05:00Z
The Punch,1,2025-11-28T01:58:28Z,2025-11-28T01:58:28Z
CNBC,1,2025-11-28T01:17:32Z,2025-11-28T01:17:32Z
ComicBook.com,1,2025-11-28T01:02:00Z,2025-11-28T01:02:00Z
CBC News,1,2025-11-28T01:06:12Z,2025-11-28T01:06:12Z
New Zealand Herald,1,2025-11-28T01:00:00Z,2025-11-28T01:00:00Z
Popular Science,1,2025-11-28T00:51:00Z,2025-11-28T00:51:00Z
New York Post,1,2025-11-28T01:00:00Z,2025-11-28T01:00:00Z
Awwwards.com,1,2025-11-28T00:00:00Z,2025-11-28T00:00:00Z
Biztoc.com,1,2025-11-28T00:37:13Z,2025-11-28T00:37:13Z
Soldiersystems.net,1,2025-11-28T01:00:00Z,2025-11-28T01:00:00Z
Bitcoinist,1,2025-11-28T01:00:03Z,2025-11-28T01:00:03Z
ABC News (AU),1,2025-11-28T02:07:21Z,2025-11-28T02:07:21Z
The Star Online,1,2025-11-28T01:43:00Z,2025-11-28T01:43:00Z
Livemint,1,2025-11-28T01:08:33Z,2025-11-28T01:08:33Z
Dansdeals.com,1,2025-11-28T00:41:15Z,2025-11-28T00:41:15Z
Hospitality Net,1,2025-11-28T00:55:47Z,2025-11-28T00:55:47Z
Digitimes,1,2025-11-28T01:42:09Z,2025-11-28T01:42:09Z
The Week Magazine,1,2025-11-28T02:00:34Z,2025-11-28T02:00:34Z
Kotaku,1,2025-11-28T01:35:27Z,2025-11-28T01:35:27Z
Antaranews.com,1,2025-11-28T00:27:58Z,2025-11-28T00:27:58Z
C-sharpcorner.com,1,2025-11-28T00:00:00Z,2025-11-28T00:00:00Z
Rlsbb.to,1,2025-11-28T01:12:05Z,2025-11-28T01:12:05Z
ZDNet,1,2025-11-28T02:12:00Z,2025-11-28T02:12:00Z
Slickdeals.net,1,2025-11-28T00:15:22Z,2025-11-28T00:15:22Z
The Daily Caller,1,2025-11-28T00:59:41Z,2025-11-28T00:59:41Z
Blessthisstuff.com,1,2025-11-28T00:00:00Z,2025-11-28T00:00:00Z
PCMag.com,1,2025-11-28T01:55:04Z,2025-11-28T01:55:04Z
Globalsecurity.org,1,2025-11-28T01:22:06Z,2025-11-28T01:22:06Z
The Times of India,1,2025-11-28T00:00:00Z,2025-11-28T00:00:00Z
